Episode,Total Reward,Average Reward,Average Epsilon,Success Rate
0,-250.0,-1.838235294117647,1.0,0.0
2,-517.0,-3.7194244604316546,0.9994001799700056,0.0
4,-496.0,-3.7293233082706765,0.9988007197240766,0.0
6,-194.0,-1.564516129032258,0.998201619046423,0.0
8,-328.0,-2.2937062937062938,0.9976028777213525,0.0
10,-124.0,-0.8211920529801324,0.9970044955333297,0.0
12,-190.0,-1.3571428571428572,0.9964064722669269,0.0
14,-32.0,-0.2222222222222222,0.995808807706867,0.0
16,-77.0,-0.5202702702702703,0.9952115016379823,0.0
18,112.0,0.8421052631578947,0.9946145538452492,0.05263157894736842
20,-376.0,-2.5753424657534247,0.994017964113756,0.047619047619047616
22,-308.0,-2.0671140939597317,0.9934217322287398,0.043478260869565216
24,-128.0,-0.9624060150375939,0.9928258579755574,0.04
26,-516.0,-3.909090909090909,0.9922303411396871,0.037037037037037035
28,8.0,0.06201550387596899,0.9916351815067486,0.034482758620689655
30,-49.0,-0.3402777777777778,0.9910403788624806,0.03225806451612903
32,-169.0,-1.3739837398373984,0.9904459329927563,0.030303030303030304
34,-184.0,-1.4488188976377954,0.9898518436835786,0.02857142857142857
36,-114.0,-0.8201438848920863,0.9892581107210672,0.02702702702702703
38,402.0,2.851063829787234,0.9886647338914832,0.05128205128205128
40,136.0,0.912751677852349,0.9880717129812139,0.07317073170731707
42,-81.0,-0.5869565217391305,0.9874790477767623,0.06976744186046512
44,-18.0,-0.11842105263157894,0.986886738064783,0.06666666666666667
46,-230.0,-1.6666666666666667,0.986294783632032,0.06382978723404255
48,-224.0,-1.635036496350365,0.9857031842654147,0.061224489795918366
50,-140.0,-0.9271523178807947,0.9851119397519429,0.058823529411764705
52,-420.0,-3.065693430656934,0.9845210498787802,0.05660377358490566
54,-239.0,-1.707142857142857,0.9839305144332015,0.05454545454545454
56,-349.0,-2.643939393939394,0.9833403332026192,0.05263157894736842
58,-234.0,-1.7593984962406015,0.9827505059745617,0.05084745762711865
60,-177.0,-1.127388535031847,0.9821610325366901,0.04918032786885246
62,-137.0,-1.0,0.981571912676799,0.047619047619047616
64,-109.0,-0.7569444444444444,0.9809831461828075,0.046153846153846156
66,-498.0,-3.5319148936170213,0.9803947328427505,0.04477611940298507
68,-220.0,-1.6058394160583942,0.9798066724448059,0.043478260869565216
70,-105.0,-0.7894736842105263,0.9792189647772713,0.04225352112676056
72,-49.0,-0.3656716417910448,0.9786316096285673,0.0410958904109589
74,-270.0,-1.9285714285714286,0.978044606787253,0.04
76,-37.0,-0.29365079365079366,0.9774579560420031,0.03896103896103896
78,-233.0,-1.7786259541984732,0.9768716571816294,0.0379746835443038
80,-338.0,-3.2815533980582523,0.9762857099950535,0.037037037037037035
82,-51.0,-0.3493150684931507,0.975700114271338,0.03614457831325301
84,-165.0,-1.3095238095238095,0.9751148697996789,0.03529411764705882
86,101.0,0.6601307189542484,0.9745299763693723,0.04597701149425287
88,-118.0,-0.8676470588235294,0.9739454337698694,0.056179775280898875
90,-185.0,-1.434108527131783,0.9733612417907259,0.054945054945054944
92,148.0,1.112781954887218,0.9727774002216338,0.06451612903225806
94,-9.0,-0.061224489795918366,0.9721939088524197,0.06315789473684211
96,142.0,0.9861111111111112,0.9716107674730128,0.07216494845360824
98,-109.0,-0.9478260869565217,0.9710279758734962,0.0707070707070707
100,-35.0,-0.22012578616352202,0.970445533844052,0.06930693069306931
102,-235.0,-1.6319444444444444,0.9698634411750096,0.06796116504854369
104,-113.0,-0.8828125,0.9692816976568113,0.06666666666666667
106,-200.0,-1.5037593984962405,0.9687003030800306,0.07476635514018691
108,-296.0,-2.5739130434782607,0.9681192572353714,0.07339449541284404
110,-208.0,-1.475177304964539,0.9675385599136475,0.07207207207207207
112,101.0,0.6733333333333333,0.9669582109058115,0.07964601769911504
114,-287.0,-2.452991452991453,0.9663782100029403,0.0782608695652174
116,-255.0,-2.0078740157480315,0.9657985569962305,0.07692307692307693
118,-474.0,-3.1390728476821192,0.9652192516770034,0.07563025210084033
120,-122.0,-0.9606299212598425,0.9646402938367222,0.0743801652892562
122,-33.0,-0.2323943661971831,0.9640616832669477,0.07317073170731707
124,102.0,0.7083333333333334,0.9634834197593867,0.08
126,-142.0,-1.0070921985815602,0.9629055031058625,0.07874015748031496
128,76.0,0.5547445255474452,0.9623279330983329,0.07751937984496124
130,-351.0,-2.3557046979865772,0.9617507095288595,0.07633587786259542
132,-122.0,-0.9606299212598425,0.9611738321896476,0.07518796992481203
134,110.0,0.7857142857142857,0.9605973008730292,0.08148148148148149
136,-32.0,-0.23357664233576642,0.9600211153714362,0.08029197080291971
138,-45.0,-0.2616279069767442,0.9594452754774629,0.07913669064748201
140,-182.0,-1.5689655172413792,0.9588697809837886,0.07801418439716312
142,87.0,0.5471698113207547,0.9582946316832403,0.07692307692307693
144,-133.0,-0.9925373134328358,0.9577198273687664,0.07586206896551724
146,-260.0,-1.911764705882353,0.957145367833445,0.07482993197278912
148,7.0,0.05185185185185185,0.9565712528704574,0.0738255033557047
150,-220.0,-1.7054263565891472,0.9559974822731228,0.07947019867549669
152,-99.0,-0.6644295302013423,0.9554240558348963,0.0784313725490196
154,-366.0,-2.4078947368421053,0.9548509733493334,0.07741935483870968
156,-26.0,-0.17567567567567569,0.9542782346101272,0.07643312101910828
158,-145.0,-1.16,0.9537058394110896,0.07547169811320754
160,-256.0,-1.641025641025641,0.9531337875461653,0.07453416149068323
162,-330.0,-2.2916666666666665,0.9525620788094109,0.0736196319018405
164,-34.0,-0.22077922077922077,0.9519907129950125,0.07272727272727272
166,17.0,0.12878787878787878,0.9514196898972757,0.0718562874251497
168,-159.0,-1.127659574468085,0.9508490093106317,0.07100591715976332
170,-125.0,-0.8389261744966443,0.9502786710296401,0.07017543859649122
172,-217.0,-1.6692307692307693,0.9497086748489776,0.06936416184971098
174,-360.0,-2.7480916030534353,0.9491390205634396,0.06857142857142857
176,-298.0,-2.0694444444444446,0.9485697079679615,0.06779661016949153
178,-329.0,-2.437037037037037,0.9480007368575826,0.0670391061452514
180,-158.0,-1.161764705882353,0.9474321070274785,0.0718232044198895
182,-42.0,-0.3,0.9468638182729336,0.07650273224043716
184,-55.0,-0.3741496598639456,0.9462958703893768,0.07567567567567568
186,127.0,1.0495867768595042,0.9457282631723377,0.08021390374331551
188,-146.0,-1.1496062992125984,0.9451609964174743,0.07936507936507936
190,-401.0,-3.0610687022900764,0.9445940699205834,0.07853403141361257
192,117.0,0.8478260869565217,0.9440274834775584,0.08290155440414508
194,-560.0,-4.5528455284552845,0.9434612368844418,0.08205128205128205
196,-20.0,-0.13793103448275862,0.9428953299373706,0.08629441624365482
198,-241.0,-1.7463768115942029,0.9423297624326239,0.08542713567839195
200,-12.0,-0.08633093525179857,0.9417645341666052,0.0845771144278607
202,209.0,1.5255474452554745,0.9411996449358204,0.08866995073891626
204,6.0,0.04081632653061224,0.9406350945369143,0.08780487804878048
206,-196.0,-1.5806451612903225,0.940070882766648,0.08695652173913043
208,-152.0,-1.0201342281879195,0.9395070094219055,0.0861244019138756
210,-18.0,-0.14516129032258066,0.9389434742997015,0.08530805687203792
212,-136.0,-1.1239669421487604,0.9383802771971437,0.08450704225352113
214,-109.0,-0.7898550724637681,0.9378174179115006,0.08372093023255814
216,146.0,0.9864864864864865,0.93725489624013,0.08755760368663594
218,-382.0,-3.293103448275862,0.9366927119805271,0.0867579908675799
220,-241.0,-1.8396946564885497,0.9361308649303084,0.08597285067873303
222,-388.0,-3.104,0.9355693548872078,0.08520179372197309
224,-355.0,-2.610294117647059,0.9350081816490823,0.08444444444444445
226,-74.0,-0.524822695035461,0.934447345013909,0.08370044052863436
228,-170.0,-1.2686567164179106,0.9338868447797893,0.08296943231441048
230,-199.0,-1.251572327044025,0.9333266807449357,0.08225108225108226
232,137.0,1.0873015873015872,0.932766852707697,0.08583690987124463
234,20.0,0.14705882352941177,0.932207360466524,0.0851063829787234
236,-178.0,-1.3587786259541985,0.931648203820017,0.08438818565400844
238,-166.0,-1.2481203007518797,0.9310893825668661,0.08368200836820083
240,-257.0,-2.254385964912281,0.9305308965058988,0.08298755186721991
242,-374.0,-2.3821656050955413,0.9299727454360599,0.0823045267489712
244,-615.0,-4.300699300699301,0.9294149291564191,0.08163265306122448
246,18.0,0.10975609756097561,0.9288574474661551,0.08097165991902834
248,163.0,1.0939597315436242,0.9283003001645793,0.08433734939759036
250,-47.0,-0.31125827814569534,0.9277434870511174,0.08366533864541832
252,155.0,1.183206106870229,0.9271870079253225,0.09090909090909091
254,210.0,1.5107913669064748,0.9266308625868483,0.09411764705882353
256,-82.0,-0.6119402985074627,0.9260750508354961,0.0933852140077821
258,-239.0,-1.8244274809160306,0.9255195724711712,0.09266409266409266
260,-53.0,-0.41732283464566927,0.9249644272938972,0.09195402298850575
262,-33.0,-0.22602739726027396,0.924409615103823,0.09125475285171103
264,73.0,0.5140845070422535,0.9238551357012145,0.09056603773584905
266,-174.0,-1.2608695652173914,0.9233009888864637,0.0898876404494382
268,-11.0,-0.08661417322834646,0.9227471744600707,0.08921933085501858
270,-1.0,-0.006802721088435374,0.9221936922226733,0.08856088560885608
272,-212.0,-1.325,0.9216405419750064,0.08791208791208792
274,138.0,1.069767441860465,0.9210877235179425,0.09090909090909091
276,70.0,0.43209876543209874,0.9205352366524666,0.09386281588447654
278,209.0,1.5954198473282444,0.9199830811796803,0.0967741935483871
280,67.0,0.49264705882352944,0.9194312569008104,0.09608540925266904
282,-254.0,-1.9097744360902256,0.9188797636171994,0.09540636042402827
284,272.0,1.7435897435897436,0.9183286011303108,0.09824561403508772
286,-87.0,-0.6641221374045801,0.917777769241724,0.0975609756097561
288,-210.0,-1.4685314685314685,0.9172272677531444,0.10034602076124567
290,-178.0,-1.5892857142857142,0.9166770964663826,0.09965635738831616
292,104.0,0.7123287671232876,0.9161272551833824,0.10580204778156997
294,40.0,0.26666666666666666,0.9155777437061975,0.10508474576271186
296,-296.0,-2.1605839416058394,0.9150285618370155,0.10437710437710437
298,-394.0,-2.984848484848485,0.9144797093781136,0.10367892976588629
300,-50.0,-0.3472222222222222,0.9139311861319178,0.10299003322259136
302,-101.0,-0.7163120567375887,0.9133829919009493,0.10231023102310231
304,-249.0,-1.6490066225165563,0.9128351264878733,0.10491803278688525
306,-192.0,-1.5483870967741935,0.9122875896954414,0.10423452768729642
308,-203.0,-1.5984251968503937,0.9117403813265524,0.10355987055016182
310,388.0,2.4556962025316458,0.9111935011842048,0.10610932475884244
312,-348.0,-2.3046357615894038,0.9106469490715231,0.10543130990415335
314,-96.0,-0.676056338028169,0.9101007247917501,0.10793650793650794
316,-95.0,-0.7364341085271318,0.9095548281482461,0.10725552050473186
318,71.0,0.5634920634920635,0.9090092589444896,0.10658307210031348
320,-232.0,-1.6338028169014085,0.9084640169840686,0.1059190031152648
322,-104.0,-0.7222222222222222,0.9079191020706959,0.10835913312693499
324,193.0,1.5691056910569106,0.907374514008211,0.11076923076923077
326,-311.0,-2.303703703703704,0.9068302526005566,0.11009174311926606
328,32.0,0.2191780821917808,0.9062863176518011,0.11246200607902736
330,-56.0,-0.45528455284552843,0.9057427089661199,0.11178247734138973
332,-259.0,-1.8768115942028984,0.9051994263478236,0.1111111111111111
334,-222.0,-1.6818181818181819,0.9046564696013318,0.11343283582089553
336,56.0,0.3783783783783784,0.9041138385311713,0.11275964391691394
338,-219.0,-1.7661290322580645,0.9035715329419959,0.11504424778761062
340,25.0,0.16891891891891891,0.9030295526385824,0.11730205278592376
342,-5.0,-0.038461538461538464,0.9024878974258134,0.119533527696793
344,-91.0,-0.674074074074074,0.9019465671086919,0.11884057971014493
346,-97.0,-0.7028985507246377,0.9014055614923396,0.11815561959654179
348,2.0,0.013793103448275862,0.9008648803820012,0.1174785100286533
350,-101.0,-0.8015873015873016,0.9003245235830225,0.11965811965811966
352,-371.0,-2.9444444444444446,0.8997844909008744,0.11898016997167139
354,73.0,0.5658914728682171,0.8992447821411533,0.11830985915492957
356,34.0,0.22818791946308725,0.8987053971095629,0.11764705882352941
358,151.0,1.0486111111111112,0.8981663356119177,0.11977715877437325
360,-119.0,-0.9754098360655737,0.89762759745416,0.11911357340720222
362,107.0,0.7328767123287672,0.8970891824423428,0.12396694214876033
364,-12.0,-0.09523809523809523,0.8965510903826401,0.1232876712328767
366,-137.0,-1.0,0.8960133210813298,0.1226158038147139
368,77.0,0.5273972602739726,0.8954758743448262,0.12195121951219512
370,16.0,0.11428571428571428,0.8949387499796443,0.12129380053908356
372,-13.0,-0.0896551724137931,0.8944019477924169,0.12064343163538874
374,-333.0,-2.280821917808219,0.8938654675898938,0.12
376,31.0,0.2198581560283688,0.8933293091789516,0.11936339522546419
378,-65.0,-0.4961832061068702,0.8927934723665627,0.11873350923482849
380,-257.0,-1.7364864864864864,0.8922579569598273,0.11811023622047244
382,-184.0,-1.4488188976377954,0.8917227627659658,0.12010443864229765
384,124.0,0.9465648854961832,0.8911878895923034,0.12207792207792208
386,79.0,0.6638655462184874,0.8906533372462915,0.12144702842377261
388,-121.0,-1.0083333333333333,0.8901191055354859,0.12082262210796915
390,-179.0,-1.1776315789473684,0.8895851942675573,0.12020460358056266
392,-154.0,-1.1666666666666667,0.8890516032503096,0.12213740458015267
394,184.0,1.2777777777777777,0.8885183322916499,0.1240506329113924
396,-323.0,-2.1824324324324325,0.8879853811995875,0.12342569269521411
398,-186.0,-1.441860465116279,0.8874527497822707,0.12280701754385964
400,-254.0,-1.7887323943661972,0.8869204378479509,0.12219451371571072
402,-21.0,-0.15328467153284672,0.8863884452049993,0.12158808933002481
404,-234.0,-1.5,0.8858567716618885,0.12345679012345678
406,260.0,1.7333333333333334,0.885325417027219,0.12530712530712532
408,87.0,0.635036496350365,0.884794381109713,0.12469437652811736
410,224.0,1.635036496350365,0.8842636637181861,0.12652068126520682
412,158.0,1.1285714285714286,0.8837332646615835,0.13075060532687652
414,-335.0,-2.189542483660131,0.8832031837489618,0.13253012048192772
416,-456.0,-3.5348837209302326,0.8826734207894911,0.13189448441247004
418,-104.0,-0.8188976377952756,0.8821439755924596,0.13126491646778043
420,284.0,1.868421052631579,0.8816148479672691,0.1330166270783848
422,202.0,1.3835616438356164,0.8810860377234234,0.1347517730496454
424,211.0,1.5514705882352942,0.880557544670563,0.13647058823529412
426,-276.0,-2.15625,0.8800293686184223,0.13817330210772832
428,161.0,1.2105263157894737,0.8795015093768549,0.13986013986013987
430,-152.0,-1.2459016393442623,0.8789739667558407,0.13921113689095127
432,328.0,2.7563025210084033,0.8784467405654649,0.14087759815242495
434,-133.0,-0.9300699300699301,0.8779198306159196,0.14022988505747128
436,153.0,1.0268456375838926,0.8773932367175128,0.14187643020594964
438,-191.0,-1.5039370078740157,0.8768669586806825,0.14123006833712984
440,212.0,1.525179856115108,0.8763409963159612,0.14512471655328799
442,81.0,0.6230769230769231,0.8758153494340067,0.14672686230248308
444,-17.0,-0.11564625850340136,0.8752900178455854,0.14606741573033707
446,-48.0,-0.3333333333333333,0.8747650013615702,0.14541387024608501
448,195.0,1.5,0.8742402997929692,0.14699331848552338
450,63.0,0.44680851063829785,0.8737159129508739,0.14855875831485588
452,121.0,0.952755905511811,0.8731918406465164,0.15011037527593818
454,47.0,0.3263888888888889,0.8726680826912314,0.15164835164835164
456,-3.0,-0.02127659574468085,0.8721446388964577,0.15317286652078774
458,160.0,1.0738255033557047,0.871621509073761,0.15468409586056645
460,-23.0,-0.1619718309859155,0.8710986930348102,0.1561822125813449
462,-101.0,-0.6917808219178082,0.8705761905913965,0.15550755939524838
464,-87.0,-0.6258992805755396,0.8700540015554177,0.15483870967741936
466,-78.0,-0.45614035087719296,0.8695321257388863,0.15631691648822268
468,-214.0,-1.646153846153846,0.8690105629539286,0.15778251599147122
470,-106.0,-0.803030303030303,0.8684893130127737,0.15711252653927812
472,-233.0,-1.6884057971014492,0.8679683757277834,0.15644820295983086
474,21.0,0.1640625,0.867447750911409,0.15789473684210525
476,364.0,2.9836065573770494,0.8669274383762329,0.15932914046121593
478,34.0,0.25,0.8664074379349385,0.16075156576200417
480,-142.0,-0.9861111111111112,0.8658877494003289,0.16216216216216217
482,6.0,0.045112781954887216,0.8653683725853116,0.16356107660455488
484,-44.0,-0.29931972789115646,0.8648493073029186,0.16288659793814433
486,-43.0,-0.3028169014084507,0.8643305533662833,0.16427104722792607
488,159.0,1.2421875,0.8638121105886499,0.1656441717791411
490,144.0,1.051094890510949,0.863293978783378,0.1670061099796334
492,-16.0,-0.11267605633802817,0.8627761577639489,0.1663286004056795
494,-141.0,-1.184873949579832,0.8622586473439453,0.16565656565656567
496,379.0,2.8931297709923665,0.8617414473370534,0.16901408450704225
498,151.0,1.1353383458646618,0.8612245575570937,0.17234468937875752
500,408.0,3.114503816793893,0.8607079778179799,0.17365269461077845
502,35.0,0.24822695035460993,0.8601917079337397,0.17296222664015903
504,254.0,1.7162162162162162,0.8596757477185255,0.17425742574257425
506,49.0,0.3712121212121212,0.8591600969865841,0.17357001972386588
508,25.0,0.17482517482517482,0.8586447555522795,0.17288801571709234
510,164.0,1.1310344827586207,0.8581297232300954,0.17416829745596868
512,94.0,0.6351351351351351,0.857614999834621,0.17543859649122806
514,498.0,3.4825174825174825,0.8571005851805468,0.1786407766990291
516,44.0,0.2857142857142857,0.8565864790826928,0.17988394584139264
518,-131.0,-0.9492753623188406,0.8560726813559714,0.1791907514450867
520,-296.0,-2.0413793103448277,0.8555591918154278,0.1785028790786948
522,-10.0,-0.06896551724137931,0.8550460102761965,0.17782026768642448
524,31.0,0.2,0.8545331365535301,0.17714285714285713
526,-109.0,-0.7956204379562044,0.854020570462805,0.17647058823529413
528,220.0,1.4379084967320261,0.853508311819485,0.1776937618147448
530,-56.0,-0.3971631205673759,0.8529963604391668,0.17702448210922786
532,-4.0,-0.02877697841726619,0.8524847161375423,0.17636022514071295
534,-201.0,-1.34,0.8519733787304214,0.17757009345794392
536,-11.0,-0.07586206896551724,0.8514623480337237,0.17690875232774675
538,142.0,0.9861111111111112,0.8509516238634796,0.17810760667903525
540,-26.0,-0.17567567567567569,0.8504412060358221,0.17744916820702403
542,156.0,1.1908396946564885,0.849931094367005,0.17863720073664824
544,-277.0,-2.051851851851852,0.8494212886733842,0.1798165137614679
546,-174.0,-1.4621848739495797,0.8489117887714357,0.17915904936014626
548,31.0,0.23484848484848486,0.8484025944777367,0.18032786885245902
550,-120.0,-0.8759124087591241,0.847893705608981,0.17967332123411978
552,97.0,0.6423841059602649,0.8473851219819581,0.17902350813743217
554,48.0,0.3582089552238806,0.8468768434135864,0.1783783783783784
556,277.0,1.8344370860927153,0.84636886972089,0.17953321364452424
558,-168.0,-1.0909090909090908,0.8458612007209864,0.17889087656529518
560,-77.0,-0.5833333333333334,0.8453538362311225,0.17825311942959002
562,111.0,0.7602739726027398,0.8448467760686391,0.17939609236234458
564,62.0,0.5040650406504065,0.8443400200510077,0.17876106194690267
566,-354.0,-2.2125,0.8438335679957882,0.1781305114638448
568,205.0,1.404109589041096,0.8433274197206551,0.18101933216168717
570,94.0,0.6911764705882353,0.8428215750434028,0.18038528896672504
572,390.0,3.046875,0.8423160337819237,0.18150087260034903
574,211.0,1.4452054794520548,0.8418107957542169,0.1826086956521739
576,-278.0,-2.0,0.841305860778406,0.18370883882149047
578,131.0,0.9097222222222222,0.8408012286727136,0.1848013816925734
580,-248.0,-1.6209150326797386,0.8402968992554631,0.18588640275387264
582,-246.0,-1.6734693877551021,0.8397928723451011,0.18524871355060035
584,133.0,1.0075757575757576,0.8392891477601835,0.18632478632478633
586,114.0,0.8085106382978723,0.8387857253193649,0.18739352640545145
588,-57.0,-0.42857142857142855,0.8382826048414093,0.1867572156196944
590,-74.0,-0.5648854961832062,0.8377797861451943,0.18612521150592218
592,-422.0,-2.74025974025974,0.8372772690497106,0.18549747048903878
594,230.0,1.5231788079470199,0.836775053374054,0.1865546218487395
596,-49.0,-0.310126582278481,0.8362731389374154,0.18592964824120603
598,-46.0,-0.32857142857142857,0.8357715255591139,0.18530884808013356
600,160.0,1.167883211678832,0.8352702130585679,0.18635607321131448
602,143.0,0.9727891156462585,0.8347692012553088,0.18739635157545606
604,-408.0,-2.978102189781022,0.8342684899689621,0.1884297520661157
606,236.0,1.7352941176470589,0.8337680790192782,0.18945634266886327
608,103.0,0.7744360902255639,0.833267968226107,0.19047619047619047
610,183.0,1.326086956521739,0.8327681574094076,0.19148936170212766
612,112.0,0.8818897637795275,0.8322686463892534,0.19249592169657423
614,-74.0,-0.5401459854014599,0.8317694349858168,0.191869918699187
616,206.0,1.4405594405594406,0.8312705230193843,0.19286871961102106
618,209.0,1.471830985915493,0.8307719103103458,0.1938610662358643
620,417.0,2.9574468085106385,0.8302735966791951,0.19484702093397746
622,-134.0,-0.9115646258503401,0.8297755819465494,0.1958266452648475
624,130.0,0.9848484848484849,0.8292778659331186,0.1968
626,-123.0,-0.8424657534246576,0.8287804484597237,0.19776714513556617
628,-192.0,-1.4883720930232558,0.8282833293472904,0.1971383147853736
630,-142.0,-1.0364963503649636,0.8277865084168671,0.19809825673534073
632,16.0,0.11594202898550725,0.8272899854895893,0.19747235387045814
634,-272.0,-1.8888888888888888,0.8267937603867179,0.1968503937007874
636,-167.0,-1.3253968253968254,0.8262978329295979,0.19623233908948196
638,-76.0,-0.5547445255474452,0.8258022029397093,0.19561815336463223
640,-169.0,-1.2803030303030303,0.825306870238616,0.19656786271450857
642,-190.0,-1.3669064748201438,0.8248118346479997,0.19595645412130638
644,238.0,1.63013698630137,0.8243170959896523,0.19689922480620156
646,202.0,1.4428571428571428,0.8238226540854611,0.19783616692426584
648,33.0,0.23741007194244604,0.8233285087574305,0.19722650231124808
650,106.0,0.7464788732394366,0.8228346598276737,0.19815668202764977
652,65.0,0.5,0.8223411071183937,0.1990811638591118
654,223.0,1.5928571428571427,0.8218478504519199,0.2
656,206.0,1.4820143884892085,0.8213548896506783,0.2009132420091324
658,222.0,1.5633802816901408,0.8208622245372048,0.20182094081942337
660,201.0,1.534351145038168,0.8203698549341315,0.2027231467473525
662,59.0,0.472,0.8198777806642144,0.20361990950226244
664,130.0,0.9285714285714286,0.8193860015503024,0.20601503759398496
666,114.0,0.95,0.8188945174153589,0.20689655172413793
668,88.0,0.6821705426356589,0.8184033280824435,0.2077727952167414
670,307.0,2.20863309352518,0.8179124333747334,0.20864381520119224
672,111.0,0.7762237762237763,0.8174218331155042,0.21099554234769688
674,140.0,1.0,0.8169315271281439,0.21185185185185185
676,86.0,0.6417910447761194,0.8164415152361348,0.21270310192023634
678,349.0,2.5661764705882355,0.8159517972630722,0.21502209131075112
680,-19.0,-0.13380281690140844,0.8154623730326703,0.21585903083700442
682,187.0,1.5714285714285714,0.8149732423687225,0.21815519765739386
684,277.0,1.6104651162790697,0.8144844050951472,0.22043795620437956
686,-176.0,-1.2137931034482758,0.8139958610359637,0.2197962154294032
688,299.0,2.214814814814815,0.8135076100152961,0.2220609579100145
690,79.0,0.5895522388059702,0.8130196518573741,0.22141823444283648
692,175.0,1.1290322580645162,0.8125319863865313,0.22366522366522368
694,-108.0,-0.75,0.8120446134272074,0.22446043165467625
696,-173.0,-1.453781512605042,0.8115575328039499,0.22381635581061693
698,29.0,0.21014492753623187,0.8110707443414102,0.2246065808297568
700,232.0,1.5675675675675675,0.810584247864342,0.2268188302425107
702,203.0,1.573643410852713,0.8100980431976125,0.22759601706970128
704,266.0,2.16260162601626,0.8096121301661822,0.2297872340425532
706,164.0,1.1631205673758864,0.8091265085951176,0.23055162659123055
708,79.0,0.6370967741935484,0.8086411783096102,0.231311706629055
710,-197.0,-1.8240740740740742,0.8081561391349267,0.2320675105485232
712,-80.0,-0.6060606060606061,0.8076713908964593,0.23281907433380084
714,-192.0,-1.4014598540145986,0.8071869334197,0.23356643356643356
716,-82.0,-0.6356589147286822,0.8067027665302373,0.23291492329149233
718,-19.0,-0.1417910447761194,0.8062188900537813,0.2336578581363004
720,164.0,1.2713178294573644,0.8057353038161251,0.23578363384188628
722,127.0,0.8523489932885906,0.8052520076431895,0.23651452282157676
724,-143.0,-0.9930555555555556,0.804769001360978,0.23586206896551723
726,133.0,1.0,0.8042862847956096,0.23658872077028886
728,200.0,1.5037593984962405,0.8038038577733143,0.23731138545953362
730,64.0,0.49230769230769234,0.8033217201204084,0.23666210670314639
732,213.0,1.429530201342282,0.8028398716633272,0.23874488403819918
734,163.0,1.2538461538461538,0.8023583122286067,0.23945578231292516
736,142.0,1.0441176470588236,0.8018770416428832,0.24151967435549526
738,38.0,0.27941176470588236,0.8013960597329047,0.2408660351826793
740,39.0,0.291044776119403,0.8009153663255079,0.24156545209176788
742,286.0,2.1185185185185187,0.8004349612476459,0.24226110363391656
744,43.0,0.2866666666666667,0.7999548443263783,0.24161073825503357
746,230.0,1.554054054054054,0.7994750153888542,0.24230254350736277
748,-158.0,-1.0972222222222223,0.7989954742623451,0.24299065420560748
750,67.0,0.4962962962962963,0.7985162207742168,0.24234354194407456
752,170.0,1.3709677419354838,0.7980372547519279,0.24302788844621515
754,223.0,1.7698412698412698,0.7975585760230535,0.24503311258278146
756,-18.0,-0.12244897959183673,0.7970801844152757,0.24570673712021135
758,-98.0,-0.7,0.7966020797563677,0.2450592885375494
760,20.0,0.13986013986013987,0.7961242618742118,0.2457293035479632
762,-10.0,-0.07246376811594203,0.7956467305967971,0.24508519003931847
764,-101.0,-0.7481481481481481,0.7951694857522104,0.24444444444444444
766,313.0,2.371212121212121,0.7946925271686395,0.24641460234680573
768,-283.0,-2.00709219858156,0.7942158546743902,0.24577373211963588
770,-181.0,-1.167741935483871,0.7937394680978508,0.245136186770428
772,96.0,0.7058823529411765,0.7932633672675239,0.24579560155239327
774,-261.0,-1.891304347826087,0.7927875520120143,0.24516129032258063
776,219.0,1.5755395683453237,0.7923120221600288,0.2471042471042471
778,-15.0,-0.0967741935483871,0.7918367775403715,0.24646983311938384
780,105.0,0.7608695652173914,0.7913618179819651,0.2471190781049936
782,144.0,1.125,0.7908871433138147,0.24904214559386972
784,29.0,0.232,0.7904127533650463,0.24968152866242038
786,-182.0,-1.5294117647058822,0.7899386479648701,0.24904701397712833
788,-119.0,-0.8439716312056738,0.7894648269426097,0.24841571609632446
790,131.0,1.0916666666666666,0.7889912901276971,0.2503160556257901
792,436.0,2.9863013698630136,0.7885180373496498,0.25220680958385877
794,-41.0,-0.3037037037037037,0.7880450684381054,0.25157232704402516
796,78.0,0.6190476190476191,0.7875723832227849,0.25094102885821834
798,167.0,1.2279411764705883,0.7870999815335304,0.2528160200250313
800,-62.0,-0.4397163120567376,0.7866278632002766,0.25218476903870163
802,-194.0,-1.416058394160584,0.7861560280530558,0.25280199252801994
804,173.0,1.384,0.7856844759220099,0.2546583850931677
806,-122.0,-0.7625,0.7852132066373796,0.2552664188351921
808,236.0,1.9504132231404958,0.7847422200295096,0.25710754017305315
810,46.0,0.3382352941176471,0.78427151592884,0.2564734895191122
812,125.0,0.984251968503937,0.7838010941659244,0.2570725707257073
814,209.0,1.5597014925373134,0.7833309545714104,0.25766871165644173
816,116.0,0.8854961832061069,0.7828610969760383,0.2594859241126071
818,-173.0,-1.2536231884057971,0.7823915212106701,0.2588522588522589
820,-155.0,-1.1654135338345866,0.7819222271062536,0.25943970767356883
822,49.0,0.37404580152671757,0.781453214493847,0.2600243013365735
824,302.0,2.1267605633802815,0.7809844832045951,0.2606060606060606
826,124.0,0.8671328671328671,0.78051603306977,0.26118500604594924
828,-116.0,-0.7388535031847133,0.7800478639207151,0.2617611580217129
830,-155.0,-1.220472440944882,0.7795799755889018,0.2611311672683514
832,4.0,0.028368794326241134,0.7791123679058812,0.2617046818727491
834,352.0,2.550724637681159,0.7786450407033201,0.2634730538922156
836,-218.0,-1.5352112676056338,0.7781779938129744,0.2640382317801673
838,-167.0,-1.2279411764705883,0.7777112270667141,0.2634088200238379
840,21.0,0.168,0.7772447402964968,0.262782401902497
842,-14.0,-0.1076923076923077,0.7767785333343946,0.26215895610913403
844,50.0,0.4,0.7763126060125681,0.26153846153846155
846,-46.0,-0.304635761589404,0.7758469581632853,0.26092089728453366
848,23.0,0.1513157894736842,0.7753815896189138,0.26148409893992935
850,-95.0,-0.6834532374100719,0.7749165002119157,0.2608695652173913
852,290.0,2.180451127819549,0.774451689774864,0.26260257913247365
854,18.0,0.12949640287769784,0.7739871581404277,0.26198830409356727
856,-68.0,-0.4594594594594595,0.7735229051413663,0.2613768961493582
858,121.0,0.8642857142857143,0.7730589306105609,0.2630966239813737
860,309.0,2.2071428571428573,0.7725952343809733,0.26364692218350755
862,-193.0,-1.4732824427480915,0.7721318162856788,0.2641946697566628
864,-110.0,-0.7801418439716312,0.7716686761578411,0.2635838150289017
866,267.0,2.1707317073170733,0.7712058138307292,0.26528258362168394
868,251.0,1.5987261146496816,0.770743229137718,0.2669735327963176
870,-20.0,-0.14492753623188406,0.7702809219122708,0.2663605051664753
872,-26.0,-0.18571428571428572,0.7698188919879628,0.26575028636884307
874,145.0,1.0583941605839415,0.7693571391984585,0.2674285714285714
876,25.0,0.20161290322580644,0.7688956633775302,0.2668187001140251
878,21.0,0.15,0.7684344643590455,0.267349260523322
880,414.0,3.2857142857142856,0.7679735419769712,0.2690124858115778
882,123.0,0.917910447761194,0.7675128960653793,0.2695356738391846
884,83.0,0.535483870967742,0.7670525264584294,0.2689265536723164
886,-193.0,-1.3402777777777777,0.766592432990397,0.26944757609921083
888,-4.0,-0.029197080291970802,0.7661326154956495,0.2688413948256468
890,-54.0,-0.3776223776223776,0.7656730738086425,0.26823793490460157
892,58.0,0.464,0.7652138077639516,0.26763717805151177
894,58.0,0.4461538461538462,0.7647548171962331,0.2670391061452514
896,226.0,1.527027027027027,0.7642961019402501,0.2686733556298774
898,127.0,0.9071428571428571,0.7638376618308759,0.26918798665183535
900,-59.0,-0.42142857142857143,0.7633794967030566,0.2685904550499445
902,-68.0,-0.48226950354609927,0.7629216063918672,0.26799557032115173
904,-156.0,-1.0612244897959184,0.7624639907324566,0.2674033149171271
906,228.0,1.6402877697841727,0.7620066495600916,0.2679162072767365
908,70.0,0.4605263157894737,0.7615495827101201,0.2684268426842684
910,-105.0,-0.7394366197183099,0.7610927900180081,0.2689352360043908
912,-323.0,-2.543307086614173,0.7606362713192997,0.26944140197152244
914,220.0,1.5827338129496402,0.7601800264496593,0.26994535519125684
916,408.0,2.8137931034482757,0.7597240552448302,0.27153762268266085
918,130.0,0.9090909090909091,0.7592683575406627,0.2720348204570185
920,202.0,1.5419847328244274,0.7588129331731138,0.2725298588490771
922,40.0,0.291970802919708,0.75835778197822,0.27302275189599134
924,272.0,1.8758620689655172,0.7579029037921389,0.2735135135135135
926,371.0,2.7686567164179103,0.7574482984510995,0.2740021574973031
928,-239.0,-1.7445255474452555,0.7569939657914616,0.2744886975242196
930,372.0,2.8396946564885495,0.756539905649647,0.2749731471535983
932,58.0,0.3918918918918919,0.7560861178622097,0.27438370846730975
934,109.0,0.7315436241610739,0.7556326022657768,0.2748663101604278
936,475.0,3.298611111111111,0.7551793586970815,0.2753468516542156
938,141.0,1.036764705882353,0.7547263869929672,0.27582534611288606
940,-48.0,-0.4,0.7542736869903542,0.2763018065887354
942,162.0,1.1095890410958904,0.7538212585262717,0.27783669141039236
944,67.0,0.48905109489051096,0.7533691014378441,0.27724867724867724
946,128.0,0.8421052631578947,0.7529172155623028,0.2787750791974657
948,22.0,0.14102564102564102,0.7524656007369581,0.2792413066385669
950,366.0,2.4078947368421053,0.7520142567992415,0.2797055730809674
952,115.0,0.7419354838709677,0.7515631835866551,0.2812172088142707
954,-115.0,-0.8394160583941606,0.7511123809368215,0.2806282722513089
956,42.0,0.26582278481012656,0.7506618486874541,0.2800417972831766
958,-115.0,-0.8098591549295775,0.7502115866763532,0.2794577685088634
960,-151.0,-1.102189781021898,0.7497615947414278,0.27887617065556713
962,31.0,0.21830985915492956,0.7493118727206788,0.2793354101765317
964,380.0,2.676056338028169,0.7488624204522116,0.28082901554404144
966,-141.0,-0.9337748344370861,0.7484132377742164,0.28024819027921405
968,461.0,3.4661654135338344,0.7479643245249965,0.2807017543859649
970,-100.0,-0.7194244604316546,0.7475156805429329,0.2801235839340886
972,-158.0,-1.1791044776119404,0.7470673056665204,0.2795477903391572
974,413.0,3.036764705882353,0.7466191997343443,0.28
976,134.0,0.9436619718309859,0.7461713625850867,0.2804503582395087
978,229.0,1.5793103448275863,0.7457237940575213,0.2808988764044944
980,15.0,0.10344827586206896,0.7452764939905266,0.2803261977573904
982,-37.0,-0.25874125874125875,0.7448294622230696,0.2807731434384537
984,343.0,2.8114754098360657,0.7443826985942271,0.28223350253807106
986,-100.0,-0.704225352112676,0.743936202943161,0.281661600810537
988,-127.0,-0.8466666666666667,0.7434899751091313,0.282103134479272
990,182.0,1.103030303030303,0.7430440149314991,0.28254288597376387
992,53.0,0.3333333333333333,0.7425983222497184,0.28197381671701915
994,16.0,0.1095890410958904,0.7421528969033343,0.28241206030150756
996,-188.0,-1.197452229299363,0.7417077387319997,0.2818455366098295
998,-18.0,-0.11320754716981132,0.7412628475754529,0.2822822822822823
1000,249.0,1.6168831168831168,0.7408182232735356,0.2827172827172827
1002,-264.0,-2.112,0.7403738656661855,0.28215353938185445
1004,420.0,2.857142857142857,0.7399297745934308,0.2835820895522388
1006,381.0,2.5231788079470197,0.7394859498953966,0.28500496524329694
1008,-101.0,-0.7426470588235294,0.7390423914123119,0.2844400396432111
1010,-54.0,-0.39416058394160586,0.7385990989844933,0.2838773491592483
1012,-103.0,-0.8442622950819673,0.7381560724523514,0.2833168805528134
1014,53.0,0.37857142857142856,0.7377133116564032,0.2827586206896552
1016,159.0,0.9814814814814815,0.7372708164372463,0.2831858407079646
1018,-24.0,-0.1791044776119403,0.736828586635595,0.2826300294406281
1020,-250.0,-1.5923566878980893,0.7363866220922366,0.2820763956904995
1022,101.0,0.7709923664122137,0.7359449226480604,0.2825024437927664
1024,-134.0,-0.8375,0.7355034881440654,0.2819512195121951
1026,-59.0,-0.4154929577464789,0.7350623184213319,0.28140214216163584
1028,131.0,0.9776119402985075,0.734621413321037,0.2818270165208941
1030,29.0,0.23387096774193547,0.7341807726844546,0.2822502424830262
1032,-199.0,-1.5075757575757576,0.7337403963529565,0.28170377541142305
1034,-203.0,-1.3904109589041096,0.7333002841680056,0.2811594202898551
1036,-24.0,-0.17647058823529413,0.7328604359711576,0.2815814850530376
1038,-208.0,-1.5294117647058822,0.7324208516040721,0.28103946102021177
1040,267.0,2.206611570247934,0.7319815309084984,0.2824207492795389
1042,-150.0,-1.1538461538461537,0.7315424737262787,0.28187919463087246
1044,-48.0,-0.3609022556390977,0.731103679899353,0.2813397129186603
1046,68.0,0.44155844155844154,0.7306651492697579,0.2817574021012416
1048,-103.0,-0.7463768115942029,0.7302268816796237,0.2812202097235462
1050,-42.0,-0.3088235294117647,0.7297888769711696,0.28068506184586106
1052,86.0,0.6231884057971014,0.7293511349867142,0.2801519468186135
1054,-34.0,-0.24113475177304963,0.7289136555686718,0.2796208530805687
1056,103.0,0.673202614379085,0.7284764385595505,0.2800378429517502
1058,229.0,1.6126760563380282,0.72803948380195,0.2804532577903683
1060,-60.0,-0.410958904109589,0.7276027911385663,0.28086710650329877
1062,128.0,1.0078740157480315,0.7271663604121971,0.28222013170272814
1064,-155.0,-1.0264900662251655,0.7267301914657187,0.28169014084507044
1066,-37.0,-0.25170068027210885,0.7262942841421133,0.28116213683223995
1068,-443.0,-3.2573529411764706,0.725858638284451,0.2806361085126286
1070,128.0,0.8951048951048951,0.7254232537359104,0.28104575163398693
1072,-66.0,-0.4925373134328358,0.7249881303397389,0.2814538676607642
1074,-63.0,-0.39622641509433965,0.7245532679393002,0.28186046511627905
1076,-145.0,-1.0211267605633803,0.7241186663780459,0.28133704735376047
1078,137.0,0.8670886075949367,0.723684325499509,0.28174235403151066
1080,-40.0,-0.2962962962962963,0.7232502451473407,0.28122109158186864
1082,20.0,0.14285714285714285,0.722816425165262,0.2807017543859649
1084,102.0,0.7846153846153846,0.722382865397098,0.28110599078341014
1086,-322.0,-2.3503649635036497,0.7219495656867716,0.281508739650414
1088,199.0,1.2838709677419355,0.7215165258782964,0.2828282828282828
1090,-232.0,-1.7185185185185186,0.7210837458157711,0.2832263978001833
1092,-185.0,-1.4566929133858268,0.7206512253433988,0.282708142726441
1094,354.0,2.6029411764705883,0.7202189643054726,0.28401826484018267
1096,56.0,0.448,0.7197869625463756,0.284412032816773
1098,209.0,1.4928571428571429,0.7193552199105923,0.28480436760691535
1100,-137.0,-1.0,0.7189237362426875,0.28428701180744775
1102,-131.0,-0.9776119402985075,0.718492511387338,0.2846781504986401
1104,285.0,2.0802919708029197,0.7180615451892908,0.285972850678733
1106,-197.0,-1.2792207792207793,0.7176308374934065,0.28545618789521227
1108,-81.0,-0.6136363636363636,0.7172003881446319,0.28584310189359785
1110,296.0,2.06993006993007,0.7167701969879954,0.28622862286228623
1112,94.0,0.6482758620689655,0.7163402638686406,0.2866127583108715
1114,392.0,3.111111111111111,0.7159105886317768,0.2878923766816143
1116,205.0,1.6141732283464567,0.7154811711227335,0.288272157564906
1118,-29.0,-0.21641791044776118,0.715052011186914,0.2877569258266309
1120,238.0,1.762962962962963,0.7146231086698264,0.288135593220339
1122,-387.0,-3.120967741935484,0.7141944634170588,0.28851291184327693
1124,-157.0,-1.2265625,0.7137660752743061,0.288
1126,-60.0,-0.425531914893617,0.7133379440873415,0.28748890860692106
1128,-133.0,-1.0310077519379846,0.7129100697020374,0.2869796279893711
1130,44.0,0.275,0.7124824519643657,0.2864721485411141
1132,-177.0,-1.416,0.7120550907203834,0.28596646072374227
1134,-91.0,-0.5833333333333334,0.7116279858162357,0.2854625550660793
1136,238.0,1.8449612403100775,0.7112011370981672,0.28671943711521547
1138,-8.0,-0.058394160583941604,0.7107745444125119,0.286215978928885
1140,177.0,1.330827067669173,0.7103482076056945,0.28659070990359337
1142,322.0,2.639344262295082,0.7099221265242378,0.2878390201224847
1144,74.0,0.5138888888888888,0.7094963010147523,0.2873362445414847
1146,198.0,1.4776119402985075,0.7090707309239394,0.2877070619006103
1148,199.0,1.3819444444444444,0.7086454160985906,0.28807658833768496
1150,-190.0,-1.3970588235294117,0.7082203563855957,0.2884448305821025
1152,145.0,1.0902255639097744,0.7077955516319333,0.2888117953165655
1154,-84.0,-0.5793103448275863,0.7073710016846774,0.2891774891774892
1156,-16.0,-0.10738255033557047,0.7069467063909808,0.28867761452031115
1158,215.0,1.4726027397260273,0.7065226655981051,0.28904227782571185
1160,455.0,2.84375,0.7060988791533978,0.29026701119724374
1162,-29.0,-0.2196969696969697,0.7056753469042857,0.2897678417884781
1164,168.0,1.3228346456692914,0.7052520686983005,0.2909871244635193
1166,128.0,1.0406504065040652,0.7048290443830699,0.2913453299057412
1168,97.0,0.7238805970149254,0.7044062738062953,0.290846877673225
1170,-110.0,-0.8270676691729323,0.7039837568157841,0.29035012809564475
1172,143.0,1.0751879699248121,0.7035614932594286,0.2915601023017903
1174,21.0,0.15328467153284672,0.7031394829852173,0.29106382978723405
1176,-69.0,-0.48936170212765956,0.7027177258412214,0.2905692438402719
1178,-67.0,-0.4855072463768116,0.70229622167561,0.2909245122985581
1180,164.0,1.251908396946565,0.7018749703366457,0.29127857747671465
1182,-64.0,-0.42953020134228187,0.7014539716726732,0.2907861369399831
1184,-37.0,-0.26618705035971224,0.7010332255321323,0.2911392405063291
1186,210.0,1.6153846153846154,0.7006127317635572,0.2923336141533277
1188,215.0,1.5357142857142858,0.7001924902155711,0.2926829268292683
1190,97.0,0.6643835616438356,0.6997725007368846,0.29303106633081444
1192,134.0,0.950354609929078,0.6993527631763061,0.2933780385582565
1194,74.0,0.45962732919254656,0.6989332773827214,0.29372384937238494
1196,201.0,1.2641509433962264,0.6985140432051223,0.29490392648287383
1198,-77.0,-0.5099337748344371,0.6980950604925806,0.29524603836530444
1200,339.0,2.2450331125827816,0.6976763290942654,0.29558701082431305
1202,-77.0,-0.5,0.6972578488594364,0.2950955943474647
1204,319.0,2.230769230769231,0.6968396196374335,0.2954356846473029
1206,173.0,1.2357142857142858,0.6964216412776985,0.29577464788732394
1208,-183.0,-1.464,0.6960039136297573,0.2961124896608768
1210,234.0,1.56,0.6955864365432333,0.29644921552436004
1212,-269.0,-1.9492753623188406,0.6951692098678244,0.2959604286892003
1214,-178.0,-1.2805755395683454,0.6947522334533386,0.2962962962962963
1216,236.0,1.7226277372262773,0.6943355071496594,0.29745275267050125
1218,-212.0,-1.4825174825174825,0.693919030806767,0.2977850697292863
1220,-104.0,-0.7536231884057971,0.6935028042747288,0.29811629811629814
1222,199.0,1.4420289855072463,0.6930868274037038,0.29844644317252655
1224,210.0,1.5,0.6926711000439394,0.2987755102040816
1226,118.0,0.9365079365079365,0.692255622045778,0.29991850040749796
1228,-41.0,-0.29285714285714287,0.6918403932596429,0.3002441008950366
1230,-357.0,-2.5869565217391304,0.6914254135360531,0.3005686433793664
1232,39.0,0.3023255813953488,0.6910106827256185,0.30008110300081103
1234,47.0,0.31125827814569534,0.6905962006790289,0.3004048582995951
1236,-70.0,-0.47619047619047616,0.6901819672470815,0.29991915925626517
1238,58.0,0.43283582089552236,0.6897679822806421,0.2994350282485876
1240,389.0,2.7785714285714285,0.6893542456306815,0.3005640612409347
1242,-119.0,-0.8947368421052632,0.6889407571482498,0.3008849557522124
1244,-88.0,-0.6068965517241379,0.6885275166845007,0.30120481927710846
1246,287.0,2.371900826446281,0.688114524090655,0.301523656776263
1248,38.0,0.2753623188405797,0.6877017792180453,0.3010408326661329
1250,-198.0,-1.2774193548387096,0.6872892819180801,0.3005595523581135
1252,224.0,1.7364341085271318,0.6868770320422601,0.3016759776536313
1254,443.0,3.2573529411764706,0.6864650294421747,0.30199203187250995
1256,-76.0,-0.5846153846153846,0.6860532739695047,0.3015115354017502
1258,-17.0,-0.1111111111111111,0.6856417654760165,0.3018268467037331
1260,229.0,1.8925619834710743,0.6852305038135659,0.3021411578112609
1262,346.0,2.189873417721519,0.6848194888341043,0.30324623911322246
1264,236.0,1.5945945945945945,0.684408720389656,0.30355731225296445
1266,179.0,1.185430463576159,0.6839981983323576,0.30386740331491713
1268,-47.0,-0.33098591549295775,0.6835879225144093,0.3033884948778566
1270,17.0,0.11971830985915492,0.6831778927881222,0.3029110936270653
1272,196.0,1.4411764705882353,0.6827681090058771,0.3040062843676355
1274,94.0,0.6962962962962963,0.6823585710201552,0.3035294117647059
1276,184.0,1.2105263157894737,0.6819492786835216,0.3038371182458888
1278,21.0,0.13636363636363635,0.6815402318486327,0.3033620015637217
1280,424.0,3.212121212121212,0.6811314303682344,0.3044496487119438
1282,145.0,0.8787878787878788,0.6807228740951521,0.3055339049103663
1284,352.0,2.2420382165605095,0.6803145628823052,0.3066147859922179
1286,-6.0,-0.04054054054054054,0.6799064965827073,0.3061383061383061
1288,-320.0,-2.1052631578947367,0.6794986750494552,0.3064391000775795
1290,340.0,2.3448275862068964,0.6790910981357275,0.3067389620449264
1292,469.0,3.526315789473684,0.6786837656947983,0.30703789636504253
1294,76.0,0.5588235294117647,0.6782766775800286,0.3073359073359073
1296,2.0,0.013605442176870748,0.6778698336448636,0.30686198920585966
1298,62.0,0.3780487804878049,0.6774632337428448,0.3071593533487298
1300,449.0,3.301470588235294,0.6770568777275949,0.30822444273635663
1302,234.0,1.8,0.6766507654528245,0.3085188027628549
1304,22.0,0.16176470588235295,0.6762448967723325,0.3080459770114943
1306,322.0,2.2517482517482517,0.6758392715400097,0.3091048201989288
1308,2.0,0.014814814814814815,0.6754338896098244,0.3093964858670741
1310,259.0,1.9621212121212122,0.6750287508358458,0.3096872616323417
1312,436.0,3.2781954887218046,0.6746238550722219,0.31073876618431073
1314,303.0,2.1338028169014085,0.6742192021731872,0.311787072243346
1316,346.0,2.5441176470588234,0.6738147919930672,0.3120728929384966
1318,457.0,3.0264900662251657,0.6734106243862786,0.31311599696739956
1320,362.0,2.896,0.6730066992073204,0.3133989401968206
1322,142.0,0.9659863945578231,0.6726030163107738,0.3144368858654573
1324,150.0,0.9933774834437086,0.672199575551318,0.31471698113207547
1326,128.0,0.8590604026845637,0.6717963767837166,0.31574981160512433
1328,196.0,1.380281690140845,0.6713934198628094,0.3160270880361174
1330,211.0,1.5071428571428571,0.6709907046435395,0.3170548459804658
1332,-80.0,-0.6153846153846154,0.6705882309809256,0.31657914478619653
1334,-136.0,-1.0149253731343284,0.6701859987300777,0.3161048689138577
1336,209.0,1.672,0.6697840077461967,0.31712789827973076
1338,247.0,1.802919708029197,0.6693822578845601,0.3174010455563854
1340,-96.0,-0.6193548387096774,0.6689807490005393,0.31767337807606266
1342,34.0,0.25,0.6685794809495901,0.31720029784065523
1344,141.0,1.0071428571428571,0.6681784535872605,0.3182156133828996
1346,427.0,2.9652777777777777,0.6677776667691794,0.3192279138827023
1348,-5.0,-0.03546099290780142,0.6673771203510613,0.3194959229058562
1350,386.0,2.7971014492753623,0.6669768141887051,0.31976313841598814
1352,-133.0,-0.9047619047619048,0.6665767481380118,0.32002956393200294
1354,49.0,0.29878048780487804,0.6661769220549455,0.3195571955719557
1356,-118.0,-0.8368794326241135,0.6657773357955808,0.31908621960206335
1358,384.0,2.6301369863013697,0.6653779892160553,0.3200883002207506
1360,565.0,3.668831168831169,0.6649788821726148,0.32108743570903747
1362,195.0,1.3541666666666667,0.664580014521572,0.3220836390315481
1364,-19.0,-0.13194444444444445,0.6641813861193383,0.32234432234432236
1366,555.0,3.9361702127659575,0.6637829968224057,0.32260424286759326
1368,184.0,1.4375,0.6633848464873595,0.32286340394448504
1370,289.0,2.172932330827068,0.6629869349708596,0.3238512035010941
1372,298.0,1.7738095238095237,0.6625892621296574,0.32483612527312455
1374,116.0,0.8,0.662191827820596,0.32581818181818184
1376,290.0,1.8709677419354838,0.6617946319005944,0.3260711692084241
1378,111.0,0.7025316455696202,0.6613976742266641,0.3263234227701233
1380,274.0,1.9432624113475176,0.6610009546559038,0.3265749456915279
1382,426.0,2.8211920529801326,0.6606044730454855,0.3275488069414317
1384,33.0,0.24812030075187969,0.6602082292526849,0.3270758122743682
1386,326.0,2.295774647887324,0.6598122231348494,0.3280461427541456
1388,393.0,3.023076923076923,0.6594164545494156,0.32901367890568756
1390,234.0,1.56,0.6590209233539106,0.3299784327821711
1392,330.0,2.462686567164179,0.6586256294059428,0.33094041636755206
1394,182.0,1.1666666666666667,0.6582305725632019,0.3318996415770609
1396,220.0,1.5942028985507246,0.6578357526834727,0.33285612025769507
1398,-123.0,-0.9111111111111111,0.6574411696246188,0.3330950679056469
1400,-148.0,-0.9487179487179487,0.6570468232445881,0.3333333333333333
1402,517.0,3.6153846153846154,0.6566527134014174,0.33428367783321455
1404,312.0,2.4375,0.6562588399532259,0.33451957295373663
1406,162.0,1.208955223880597,0.6558652027582224,0.3354655294953802
1408,184.0,1.3237410071942446,0.6554718016746942,0.33640880056777855
1410,438.0,3.1739130434782608,0.6550786365610191,0.3373493975903614
1412,-313.0,-2.045751633986928,0.6546857072756574,0.3375796178343949
1414,319.0,2.362962962962963,0.6542930136771513,0.33780918727915193
1416,96.0,0.6808510638297872,0.6539005556241339,0.33803810868031053
1418,147.0,1.0208333333333333,0.653508332975321,0.3382663847780127
1420,-18.0,-0.12949640287769784,0.6531163455895107,0.33849401829697395
1422,156.0,1.1470588235294117,0.6527245933255882,0.3387210119465917
1424,241.0,1.7092198581560283,0.6523330760425242,0.3389473684210526
1426,449.0,3.2773722627737225,0.6519417935993723,0.3391730903994394
1428,169.0,1.1818181818181819,0.6515507458552651,0.34009797060881736
1430,81.0,0.6230769230769231,0.6511599326694335,0.3403214535290007
1432,-14.0,-0.112,0.6507693539011812,0.3405443126308444
1434,205.0,1.626984126984127,0.6503790094098976,0.3407665505226481
1436,218.0,1.7165354330708662,0.6499888990550603,0.34168406402226864
1438,538.0,4.203125,0.6495990226962318,0.3425990271021543
1440,551.0,4.2384615384615385,0.6492093801930552,0.3428174878556558
1442,40.0,0.291970802919708,0.6488199714052586,0.34234234234234234
1444,-57.0,-0.41911764705882354,0.6484307961926522,0.34256055363321797
1446,295.0,2.13768115942029,0.6480418544151395,0.3427781617138908
1448,172.0,1.303030303030303,0.6476531459326939,0.34368530020703936
1450,199.0,1.4525547445255473,0.6472646706053861,0.34458993797381116
1452,196.0,1.6470588235294117,0.6468764282933664,0.34480385409497594
1454,57.0,0.3496932515337423,0.6464884188568616,0.3443298969072165
1456,76.0,0.5891472868217055,0.64610064215619,0.34454358270418667
1458,190.0,1.450381679389313,0.6457130980517563,0.34544208361891704
1460,189.0,1.243421052631579,0.6453257864040393,0.3456536618754278
1462,84.0,0.6222222222222222,0.6449387070736065,0.3458646616541353
1464,193.0,1.4191176470588236,0.6445518599211124,0.3460750853242321
1466,283.0,2.0214285714285714,0.6441652448072933,0.34628493524199044
1468,-150.0,-1.171875,0.6437788615929635,0.34649421375085093
1470,121.0,0.7245508982035929,0.6433927101390285,0.34738273283480625
1472,-56.0,-0.4057971014492754,0.6430067903064726,0.3469110658520027
1474,-65.0,-0.5241935483870968,0.6426211019563651,0.3464406779661017
1476,146.0,1.0138888888888888,0.6422356449498587,0.34664861205145564
1478,91.0,0.65,0.6418504191481843,0.34685598377281945
1480,322.0,2.316546762589928,0.6414654244126673,0.3477380148548278
1482,225.0,1.6423357664233578,0.6410806606047016,0.34794335805799054
1484,-87.0,-0.6,0.6406961275857835,0.34814814814814815
1486,132.0,1.0476190476190477,0.6403118252174708,0.34902488231338263
1488,4.0,0.031007751937984496,0.6399277533614195,0.34922766957689727
1490,-391.0,-2.7928571428571427,0.6395439118793614,0.3487592219986586
1492,291.0,1.9019607843137254,0.6391603006331179,0.34963161419959815
1494,163.0,1.2538461538461538,0.6387769194845834,0.34983277591973244
1496,67.0,0.4962962962962963,0.6383937682957425,0.3500334001336005
1498,211.0,1.3790849673202614,0.6380108469286645,0.35023348899266177
1500,283.0,2.143939393939394,0.637628155245493,0.3510992671552298
1502,301.0,2.1347517730496453,0.637245693108459,0.35129740518962077
1504,-22.0,-0.17886178861788618,0.6368634603798798,0.35083056478405317
1506,-176.0,-1.3643410852713178,0.6364814569221499,0.35102853351028535
1508,184.0,1.3333333333333333,0.6360996825977455,0.3512259774685222
1510,-203.0,-1.380952380952381,0.635718137269233,0.35076108537392453
1512,212.0,1.5820895522388059,0.6353368207992528,0.35095836087243887
1514,114.0,0.8142857142857143,0.634955733050531,0.35115511551155115
1516,255.0,1.624203821656051,0.634574873885872,0.35135135135135137
1518,270.0,2.014925373134328,0.6341942431681775,0.35154707044107963
1520,267.0,1.8541666666666667,0.6338138407604107,0.3517422748191979
1522,559.0,3.7266666666666666,0.6334336665256319,0.3525935653315824
1524,77.0,0.6311475409836066,0.6330537203269714,0.3527868852459016
1526,460.0,3.7398373983739837,0.6326740020276571,0.3529796987557302
1528,-88.0,-0.6330935251798561,0.6322945114909868,0.35251798561151076
1530,362.0,2.5314685314685317,0.6319152485803424,0.35336381450032656
1532,55.0,0.3503184713375796,0.6315362131591937,0.35355512067840833
1534,-19.0,-0.14728682170542637,0.6311574050910824,0.35309446254071664
1536,146.0,0.9240506329113924,0.630778824239641,0.35393623942745606
1538,58.0,0.4915254237288136,0.6304004704685782,0.3541260558804418
1540,83.0,0.6194029850746269,0.6300223436416886,0.35431537962362103
1542,-86.0,-0.5657894736842105,0.6296444436228473,0.35385612443292286
1544,-100.0,-0.6802721088435374,0.6292667702760053,0.3533980582524272
1546,-329.0,-2.3840579710144927,0.6288893234652072,0.35358758888170655
1548,234.0,1.5,0.6285121030545707,0.35442220787604906
1550,325.0,2.338129496402878,0.6281351089082909,0.3552546744036106
1552,14.0,0.1076923076923077,0.627758340890652,0.3547971667739858
1554,-168.0,-1.1506849315068493,0.6273817988660243,0.35498392282958197
1556,-37.0,-0.2534246575342466,0.6270054826988437,0.3551701991008349
1558,-22.0,-0.1317365269461078,0.6266293922536377,0.3553559974342527
1560,55.0,0.3819444444444444,0.6262535273950217,0.3555413196668802
1562,98.0,0.6666666666666666,0.6258778879876741,0.35572616762635956
1564,61.0,0.4326241134751773,0.6255024738963741,0.35527156549520766
1566,-177.0,-1.1419354838709677,0.6251272849859644,0.3548181238034461
1568,177.0,1.127388535031847,0.6247523211213785,0.35564053537284895
1570,159.0,1.096551724137931,0.6243775821676356,0.35582431572246975
1572,3.0,0.022222222222222223,0.6240030679898234,0.35600762873490144
1574,-245.0,-1.8014705882352942,0.6236287784531199,0.35619047619047617
1576,215.0,1.4827586206896552,0.6232547134227803,0.35700697526949904
1578,-48.0,-0.3582089552238806,0.6228808727641381,0.3565547815072831
1580,3.0,0.019736842105263157,0.622507256342615,0.35610373181530675
1582,166.0,1.3387096774193548,0.6221338640237078,0.3569172457359444
1584,118.0,0.7468354430379747,0.6217606956729906,0.35772870662460565
1586,115.0,0.7371794871794872,0.6213877511561338,0.35853812224322623
1588,272.0,1.8888888888888888,0.6210150303388662,0.35934550031466334
1590,12.0,0.08571428571428572,0.6206425330870117,0.35889377749842866
1592,166.0,1.360655737704918,0.6202702592664753,0.35907093534212176
1594,-56.0,-0.3783783783783784,0.6198982087432331,0.3592476489028213
1596,127.0,0.9202898550724637,0.6195263813833509,0.3594239198497182
1598,53.0,0.3680555555555556,0.6191547770529684,0.3595997498436523
1600,-17.0,-0.11258278145695365,0.6187833956183081,0.35977514053716425
1602,-57.0,-0.37254901960784315,0.6184122369456729,0.3593262632563943
1604,264.0,1.7959183673469388,0.618041300901448,0.3601246105919003
1606,259.0,1.6709677419354838,0.6176705873520935,0.36029869321717484
1608,12.0,0.08108108108108109,0.617300096164153,0.3598508390304537
1610,-20.0,-0.13986013986013987,0.6169298272042493,0.3600248292985723
1612,319.0,2.4921875,0.616559780339088,0.36081835089894604
1614,246.0,1.968,0.6161899554354496,0.36160990712074303
1616,134.0,0.9781021897810219,0.6158203523602013,0.3623995052566481
1618,188.0,1.5284552845528456,0.6154509709802778,0.3625694873378629
1620,-268.0,-1.9142857142857144,0.6150818111627104,0.3621221468229488
1622,201.0,1.34,0.6147128727745989,0.36229205175600737
1624,358.0,2.5942028985507246,0.6143441556831227,0.3630769230769231
1626,159.0,1.0324675324675325,0.6139756597555437,0.3632452366318377
1628,-46.0,-0.2857142857142857,0.6136073848592078,0.3634131368937999
1630,244.0,1.7553956834532374,0.6132393308615331,0.3635806253832005
1632,10.0,0.07692307692307693,0.6128714976300231,0.36374770361298225
1634,226.0,1.5374149659863945,0.6125038850322528,0.36452599388379203
1636,287.0,2.05,0.6121364929358838,0.36530238240684176
1638,374.0,2.493333333333333,0.6117693212086549,0.36546674801708356
1640,49.0,0.3161290322580645,0.6114023697183865,0.36502132845825713
1642,100.0,0.6896551724137931,0.6110356383329696,0.36579427875836884
1644,68.0,0.4358974358974359,0.6106691269203894,0.36534954407294834
1646,-311.0,-2.237410071942446,0.6103028353486998,0.3649058894960534
1648,129.0,1.084033613445378,0.6099367634860317,0.3650697392359005
1650,74.0,0.5103448275862069,0.6095709112006015,0.36523319200484555
1652,298.0,2.1594202898550723,0.6092052783607032,0.3660012099213551
1654,74.0,0.5103448275862069,0.6088398648347056,0.3661631419939577
1656,-39.0,-0.2468354430379747,0.6084746704910627,0.36632468316234157
1658,-158.0,-1.025974025974026,0.6081096951983073,0.3664858348402652
1660,191.0,1.3172413793103448,0.60774493882504,0.36724864539434077
1662,267.0,1.7337662337662338,0.6073804012399554,0.36740829825616356
1664,37.0,0.24183006535947713,0.6070160823118205,0.3675675675675676
1666,290.0,2.180451127819549,0.606651981909479,0.3683263347330534
1668,253.0,1.7692307692307692,0.6062880999018503,0.3690832834032355
1670,-110.0,-0.7913669064748201,0.6059244361579438,0.3692399760622382
1672,361.0,2.45578231292517,0.6055609905468345,0.36939629408248653
1674,336.0,2.1818181818181817,0.6051977629376876,0.3701492537313433
1676,410.0,2.887323943661972,0.6048347531997353,0.3709004174120453
1678,-62.0,-0.40789473684210525,0.6044719612022977,0.3704586063132817
1680,326.0,2.116883116883117,0.60410938681477,0.37061273051754906
1682,201.0,1.4460431654676258,0.6037470299066272,0.37076648841354726
1684,223.0,1.4294871794871795,0.6033848903474136,0.37151335311572703
1686,-240.0,-1.3793103448275863,0.6030229680067658,0.37166567871962064
1688,396.0,2.6577181208053693,0.6026612627543861,0.3724097098875074
1690,10.0,0.06289308176100629,0.6022997744600656,0.3719692489651094
1692,11.0,0.07142857142857142,0.601938502993671,0.37212049616066156
1694,-231.0,-1.5503355704697988,0.6015774482251339,0.37168141592920356
1696,33.0,0.22758620689655173,0.6012166100244849,0.3718326458456099
1698,110.0,0.8661417322834646,0.6008559882618185,0.3725721012360212
1700,-227.0,-1.6814814814814816,0.6004955828073111,0.37272192827748385
1702,274.0,1.9432624113475176,0.6001353935312141,0.3734586024662361
1704,-101.0,-0.7062937062937062,0.599775420303862,0.37302052785923756
1706,211.0,1.37012987012987,0.5994156629956668,0.3731693028705331
1708,294.0,1.8846153846153846,0.5990561214771094,0.37331772966647164
1710,170.0,1.2592592592592593,0.5986967956187628,0.37405026300409117
1712,127.0,0.8410596026490066,0.5983376852912604,0.37478108581436076
1714,245.0,1.8702290076335877,0.5979787903653316,0.3749271137026239
1716,303.0,2.006622516556291,0.5976201107117692,0.3750728013977868
1718,139.0,0.9391891891891891,0.597261646201447,0.3757998836532868
1720,268.0,1.9562043795620438,0.5969033967053248,0.3765252760023242
1722,-10.0,-0.08130081300813008,0.5965453620944255,0.3766686012768427
1724,-220.0,-1.476510067114094,0.5961875422398603,0.37681159420289856
1726,-100.0,-0.6993006993006993,0.5958299370128102,0.37695425593514764
1728,164.0,1.0789473684210527,0.5954725462845442,0.37767495662232503
1730,91.0,0.7338709677419355,0.5951153699263959,0.3778162911611785
1732,-48.0,-0.34532374100719426,0.5947584078097831,0.37795729948066936
1734,469.0,3.1904761904761907,0.594401659806204,0.3786743515850144
1736,166.0,1.0921052631578947,0.5940451257872187,0.3788140472078296
1738,155.0,1.054421768707483,0.5936888056244852,0.37952846463484763
1740,254.0,1.854014598540146,0.5933326991897258,0.37966685812751294
1742,-39.0,-0.26,0.5929768063547401,0.3798049340218015
1744,186.0,1.282758620689655,0.5926211269914039,0.3799426934097421
1746,-250.0,-1.6666666666666667,0.5922656609716781,0.3800801373783629
1748,433.0,2.945578231292517,0.5919104081675939,0.38078902229845624
1750,191.0,1.3172413793103448,0.5915553684512623,0.3814962878355226
1752,89.0,0.5894039735099338,0.5912005416948612,0.38106103822019394
1754,259.0,2.007751937984496,0.5908459277706598,0.3817663817663818
1756,-33.0,-0.20625,0.5904915265509959,0.3813318155947638
1758,602.0,4.23943661971831,0.5901373379082843,0.381466742467311
1760,209.0,1.5597014925373134,0.5897833617150169,0.38160136286201024
1762,85.0,0.5704697986577181,0.5894295978437615,0.3811684628474192
1764,22.0,0.13333333333333333,0.5890760461671648,0.38073654390934847
1766,-86.0,-0.6013986013986014,0.5887227065579466,0.38030560271646857
1768,204.0,1.511111111111111,0.588369578888907,0.38044092707744487
1770,184.0,1.2026143790849673,0.5880166630329174,0.3805759457933371
1772,121.0,0.8175675675675675,0.587663958862932,0.38127467569091933
1774,21.0,0.13125,0.5873114662519717,0.38140845070422535
1776,395.0,2.7241379310344827,0.5869591850731415,0.38210467079347216
1778,-14.0,-0.09090909090909091,0.5866071151996228,0.3822372119168072
1780,-21.0,-0.15328467153284672,0.5862552565046669,0.38180797304884895
1782,-59.0,-0.4068965517241379,0.5859036088616083,0.3819405496354459
1784,30.0,0.2097902097902098,0.5855521721438489,0.38207282913165264
1786,-156.0,-1.0469798657718121,0.5852009462248734,0.3822048125349748
1788,34.0,0.22666666666666666,0.584849930978242,0.38177752934600334
1790,-131.0,-0.9290780141843972,0.5844991262775919,0.3813512004466778
1792,-16.0,-0.12903225806451613,0.5841485319966265,0.3814835471277189
1794,-131.0,-0.891156462585034,0.5837981480091371,0.3816155988857939
1796,154.0,0.9871794871794872,0.5834479741889839,0.3823038397328882
1798,224.0,1.5774647887323943,0.5830980104101016,0.38299055030572543
1800,-329.0,-2.0060975609756095,0.5827482565465086,0.38312048861743475
1802,264.0,1.9849624060150375,0.582398712472288,0.38325013865779256
1804,68.0,0.4755244755244755,0.5820493780616076,0.3828254847645429
1806,40.0,0.2684563758389262,0.581700253188705,0.3829551743220808
1808,157.0,0.9573170731707317,0.5813513377278988,0.38363736871199555
1810,182.0,1.318840579710145,0.5810026315535748,0.3837658752070679
1812,-29.0,-0.1858974358974359,0.5806541345402015,0.38389409817981246
1814,-3.0,-0.02054794520547945,0.5803058465623209,0.3834710743801653
1816,74.0,0.4774193548387097,0.579957767494547,0.3830489818381948
1818,347.0,2.3445945945945947,0.579609897211569,0.38317757009345793
1820,202.0,1.4326241134751774,0.5792622355881604,0.38385502471169686
1822,-213.0,-1.42,0.5789147824991557,0.3834339001645639
1824,-12.0,-0.0851063829787234,0.5785675378194799,0.383013698630137
1826,-30.0,-0.21428571428571427,0.5782205014241171,0.3825944170771757
1828,-136.0,-0.7597765363128491,0.577873673188137,0.3827227993439038
1830,115.0,0.8582089552238806,0.5775270529866829,0.383397050791917
1832,-89.0,-0.6357142857142857,0.5771806406949722,0.38352427714129844
1834,182.0,1.2465753424657535,0.5768344361882926,0.38365122615803815
1836,26.0,0.15294117647058825,0.5764884393420145,0.38323353293413176
1838,-84.0,-0.4745762711864407,0.5761426500315744,0.3828167482327352
1840,331.0,2.0817610062893084,0.5757970681324927,0.38294405214557303
1842,229.0,1.6715328467153285,0.5754516935203593,0.3836136733586544
1844,237.0,1.6013513513513513,0.5751065260708388,0.3842818428184282
1846,-69.0,-0.4791666666666667,0.5747615656596666,0.3838657282079047
1848,177.0,1.3409090909090908,0.5744168121626623,0.38453217955651703
1850,92.0,0.5822784810126582,0.5740722654557121,0.3841166936790924
1852,85.0,0.6204379562043796,0.5737279254147821,0.38370210469508903
1854,-23.0,-0.17037037037037037,0.5733837919159069,0.38328840970350403
1856,-109.0,-0.7364864864864865,0.5730398648351994,0.3834141087775983
1858,-99.0,-0.6827586206896552,0.572696144048847,0.3830016137708445
1860,352.0,2.5142857142857142,0.5723526294331077,0.3831273508866201
1862,-255.0,-1.8888888888888888,0.5720093208643164,0.3832528180354267
1864,95.0,0.6129032258064516,0.5716662182188846,0.38284182305630027
1866,-119.0,-0.8686131386861314,0.5713233213732944,0.38296732726298877
1868,94.0,0.5433526011560693,0.5709806302041035,0.38309256286784377
1870,118.0,0.8082191780821918,0.5706381445879404,0.38321753073222875
1872,249.0,1.7535211267605635,0.5702958644015109,0.3833422317138281
1874,152.0,0.9934640522875817,0.5699537895215954,0.3834666666666667
1876,207.0,1.344155844155844,0.569611919825049,0.38412360149174213
1878,166.0,1.0375,0.5692702551887938,0.3842469398616285
1880,219.0,1.4129032258064516,0.5689287954898348,0.3843700159489633
1882,100.0,0.7194244604316546,0.5685875406052419,0.38502389803505044
1884,-122.0,-0.8905109489051095,0.5682464904121691,0.38461538461538464
1886,132.0,0.9635036496350365,0.5679056447878338,0.3847376788553259
1888,178.0,1.2361111111111112,0.5675650036095348,0.3848597141344627
1890,3.0,0.019867549668874173,0.5672245667546373,0.38498149127445797
1892,64.0,0.49230769230769234,0.5668843341005909,0.38457474907554146
1894,6.0,0.04411764705882353,0.5665443055249011,0.3841688654353562
1896,325.0,2.4074074074074074,0.5662044809051694,0.38429098576700055
1898,-386.0,-2.757142857142857,0.5658648601190494,0.38388625592417064
1900,89.0,0.6592592592592592,0.565525443044281,0.3834823776959495
1902,376.0,2.593103448275862,0.5651862295586771,0.38413032054650553
1904,313.0,2.129251700680272,0.5648472195401181,0.3847769028871391
1906,42.0,0.27450980392156865,0.5645084128665598,0.3848977451494494
1908,453.0,3.0,0.564169809416034,0.3855421686746988
1910,495.0,3.4375,0.5638314090666414,0.38618524332810045
1912,133.0,0.910958904109589,0.5634932116965581,0.3863042341871406
1914,326.0,2.414814814814815,0.563155217184033,0.38694516971279375
1916,-225.0,-1.5625,0.5628174254073894,0.38706311945748567
1918,184.0,1.4375,0.5624798362450228,0.3877019280875456
1920,163.0,1.1319444444444444,0.5621424495753988,0.38781884435190006
1922,-29.0,-0.21014492753623187,0.5618052652770585,0.3879355174206968
1924,205.0,1.4335664335664335,0.5614682832286161,0.38857142857142857
1926,274.0,1.7908496732026145,0.5611315033087578,0.38920601971977165
1928,502.0,3.664233576642336,0.5607949253962432,0.38983929497148784
1930,68.0,0.5112781954887218,0.5604585493699058,0.38995339202485757
1932,262.0,1.8848920863309353,0.5601223751086476,0.39058458354888775
1934,265.0,1.8275862068965518,0.5597864024914454,0.3912144702842377
1936,480.0,3.380281690140845,0.5594506313973535,0.3918430562725865
1938,57.0,0.3825503355704698,0.5591150617054881,0.39195461578133056
1940,373.0,2.7028985507246377,0.5587796932950506,0.39258114374034003
1942,246.0,1.8222222222222222,0.5584445260453019,0.393206381883685
1944,441.0,2.94,0.5581095598355862,0.39383033419023133
1946,390.0,2.671232876712329,0.557774794545315,0.3939393939393939
1948,-124.0,-1.0598290598290598,0.5574402300539719,0.3940482298614674
1950,499.0,3.2828947368421053,0.557105866241116,0.3946694003075346
1952,375.0,3.0991735537190084,0.5567717029863727,0.39528929851510497
1954,250.0,1.893939393939394,0.5564377401694433,0.3959079283887468
1956,379.0,2.6690140845070425,0.5561039776701051,0.3965252938170669
1958,-95.0,-0.6834532374100719,0.5557704153682009,0.39663093415007655
1960,258.0,1.7793103448275862,0.5554370531436487,0.39673635900050996
1962,363.0,2.4527027027027026,0.555103890876438,0.3973509933774834
1964,7.0,0.04964539007092199,0.5547709284466292,0.3974554707379135
1966,498.0,3.507042253521127,0.554438165734358,0.3980681240467717
1968,335.0,2.5,0.5541056026198278,0.3981716607414931
1970,70.0,0.49645390070921985,0.5537732389833168,0.3982749873160832
1972,161.0,1.2196969696969697,0.5534410747051765,0.39888494678155095
1974,343.0,2.7886178861788617,0.5531091096658246,0.3989873417721519
1976,98.0,0.6805555555555556,0.552777343745754,0.39858371269600407
1978,115.0,0.7371794871794872,0.5524457768255308,0.39868620515411823
1980,366.0,2.652173913043478,0.5521144087857849,0.3992932862190813
1982,378.0,2.52,0.5517832395072317,0.39989914271306104
1984,328.0,2.2013422818791946,0.5514522688706481,0.4
1986,126.0,0.8456375838926175,0.5511214967568832,0.40060392551585305
1988,385.0,2.6923076923076925,0.5507909230468612,0.40120663650075417
1990,299.0,2.1666666666666665,0.5504605476215699,0.40180813661476644
1992,223.0,1.60431654676259,0.5501303703620823,0.4024084295032614
1994,254.0,1.8814814814814815,0.549800391149527,0.4030075187969925
1996,75.0,0.4934210526315789,0.5494706098651159,0.4031046569854782
1998,83.0,0.5060975609756098,0.5491410263901277,0.4032016008004002
2000,365.0,2.5347222222222223,0.5488116406059096,0.40379810094952523
2002,341.0,2.7063492063492065,0.5484824523938845,0.40439340988517225
2004,366.0,2.3312101910828025,0.548153461635549,0.4049875311720698
2006,615.0,4.58955223880597,0.5478246682124562,0.40508221225710017
2008,237.0,1.7050359712230216,0.5474960720062484,0.40567446490791437
2010,-25.0,-0.18382352941176472,0.5471676728986288,0.4052710094480358
2012,265.0,2.054263565891473,0.5468394707713741,0.40586189766517633
2014,405.0,2.7551020408163267,0.5465114655063289,0.4064516129032258
2016,355.0,2.3666666666666667,0.5461836569854188,0.4070401586514626
2018,425.0,2.7960526315789473,0.5458560450906217,0.40713224368499257
2020,449.0,3.4015151515151514,0.5455286297040077,0.40771895101434935
2022,238.0,1.6413793103448275,0.5452014107077002,0.4083044982698962
2024,376.0,2.9606299212598426,0.5448743879839035,0.4088888888888889
2026,367.0,3.058333333333333,0.5445475614148879,0.4094721262950173
2028,209.0,1.6328125,0.5442209308829989,0.40956136027599804
2030,191.0,1.2733333333333334,0.5438944962706441,0.4101427868045298
2032,233.0,1.7923076923076924,0.543568257460313,0.4107230693556321
2034,217.0,1.55,0.5432422143345551,0.4113022113022113
2036,382.0,3.0806451612903225,0.5429163667759981,0.4118802160039273
2038,409.0,3.0296296296296297,0.5425907146673349,0.41245708680725846
2040,430.0,3.093525179856115,0.5422652578913302,0.41254287114159727
2042,371.0,2.612676056338028,0.5419399963308236,0.4131179637787567
2044,111.0,0.7161290322580646,0.5416149298687144,0.4136919315403423
2046,186.0,1.4307692307692308,0.5412900583879845,0.4142647777234978
2048,-52.0,-0.3611111111111111,0.5409653817716756,0.4143484626647145
2050,417.0,3.2578125,0.5406408999029094,0.41491955143832276
2052,702.0,4.280487804878049,0.5403166126648669,0.4154895275207014
2054,313.0,2.3893129770992365,0.5399925199408085,0.4155717761557178
2056,201.0,1.488888888888889,0.5396686216140564,0.41614000972289744
2058,245.0,1.828358208955224,0.5393449175680148,0.4167071393880524
2060,179.0,1.376923076923077,0.5390214076861433,0.4167879670063076
2062,202.0,1.4852941176470589,0.5386980918519825,0.41735336888027147
2064,381.0,2.8222222222222224,0.5383749699491333,0.4179176755447942
2066,203.0,1.4295774647887325,0.538052041861278,0.41799709724238027
2068,560.0,3.6842105263157894,0.537729307472162,0.41855969067182214
2070,292.0,2.1470588235294117,0.5374067666655971,0.4191211974891357
2072,299.0,2.047945205479452,0.5370844193254681,0.4196816208393632
2074,659.0,4.279220779220779,0.5367622653357373,0.4202409638554217
2076,29.0,0.21481481481481482,0.5364403045804189,0.4198363023591719
2078,650.0,4.513888888888889,0.5361185369436171,0.4199134199134199
2080,93.0,0.7209302325581395,0.5357969623094853,0.4199903892359443
2082,98.0,0.6712328767123288,0.5354755805622645,0.4200672107537206
2084,-200.0,-1.342281879194631,0.5351543915862592,0.4201438848920863
2086,531.0,3.7928571428571427,0.5348333952658335,0.4202204120747484
2088,51.0,0.3355263157894737,0.5345125914854292,0.41981809478219245
2090,367.0,2.698529411764706,0.5341919801295635,0.419894787183166
2092,283.0,1.9652777777777777,0.5338715610828133,0.42044911610129
2094,337.0,2.4244604316546763,0.5335513342298269,0.42100238663484485
2096,85.0,0.5629139072847682,0.5332312994553231,0.4210777300906056
2098,260.0,1.7687074829931972,0.5329114566440866,0.42115292996665077
2100,47.0,0.34814814814814815,0.5325918056809796,0.4207520228462637
2102,-96.0,-0.6193548387096774,0.5322723464509237,0.42082738944365194
2104,82.0,0.5655172413793104,0.5319530788389147,0.42042755344418054
2106,317.0,2.4198473282442747,0.5316340027300158,0.4205030849549122
2108,281.0,2.007142857142857,0.5313151180093602,0.42057847321005215
2110,372.0,2.4966442953020134,0.5309964245621487,0.42112742775935574
2112,170.0,1.0493827160493827,0.5306779222736538,0.4212020823473734
2114,-169.0,-1.0833333333333333,0.5303596110292121,0.42080378250591016
2116,273.0,1.7388535031847134,0.5300414907142346,0.4213509683514407
2118,341.0,2.489051094890511,0.5297235612141925,0.42189712128362433
2120,-33.0,-0.2426470588235294,0.5294058224146371,0.4214992927864215
2122,-1.0,-0.007692307692307693,0.5290882742011782,0.4215732454074423
2124,118.0,0.921875,0.5287709164595005,0.42211764705882354
2126,33.0,0.24087591240875914,0.528453749075354,0.4221908791725435
2128,194.0,1.6440677966101696,0.5281367719345623,0.42226397369657115
2130,204.0,1.4782608695652173,0.5278199849230075,0.4223369310183013
2132,130.0,0.8609271523178808,0.5275033879266516,0.42287857477730895
2134,7.0,0.05,0.5271869808315158,0.42295081967213116
2136,35.0,0.2692307692307692,0.5268707635236959,0.42302292934019653
2138,86.0,0.524390243902439,0.5265547358893525,0.42262739597942967
2140,90.0,0.5487804878048781,0.5262388978147172,0.422232601588043
2142,8.0,0.05128205128205128,0.5259232491860871,0.4218385440970602
2144,-136.0,-0.9927007299270073,0.5256077898898266,0.4219114219114219
2146,383.0,2.7753623188405796,0.5252925198123739,0.4224499301350722
2148,375.0,2.388535031847134,0.5249774388402298,0.42252210330386225
2150,-26.0,-0.19402985074626866,0.5246625468599667,0.4221292422129242
2152,183.0,1.1883116883116882,0.5243478437582223,0.4222015791918254
2154,-177.0,-1.1493506493506493,0.5240333294217037,0.4222737819025522
2156,-99.0,-0.7226277372262774,0.5237190037371858,0.42234585071859065
2158,233.0,1.5129870129870129,0.5234048665915111,0.4228809634089856
2160,354.0,2.5285714285714285,0.523090917871591,0.4234150856085146
2162,508.0,3.762962962962963,0.5227771574644038,0.42394822006472493
2164,224.0,1.391304347826087,0.5224635852569952,0.4240184757505774
2166,475.0,3.392857142857143,0.5221502011364776,0.4240886017535764
2168,222.0,1.5,0.5218370049900344,0.42461964038727523
2170,-142.0,-0.7802197802197802,0.5215239967049156,0.42422846614463383
2172,259.0,1.7862068965517242,0.5212111761684403,0.4247583985273815
2174,152.0,0.9156626506024096,0.5208985432679893,0.42482758620689653
2176,28.0,0.2074074074074074,0.5205860978910128,0.42489664676159855
2178,26.0,0.1984732824427481,0.5202738399250378,0.424506654428637
2180,-124.0,-0.7515151515151515,0.5199617692576441,0.42457588262265017
2182,146.0,0.8066298342541437,0.519649885776489,0.4246449839670179
2184,79.0,0.441340782122905,0.5193381893692969,0.4247139588100686
2186,-132.0,-0.9361702127659575,0.5190266799238544,0.42432556012802924
2188,0.0,0.0,0.5187153573280198,0.42393787117405207
2190,129.0,0.7633136094674556,0.5184042214697129,0.4244637151985395
2192,-325.0,-1.9938650306748467,0.51809327223693,0.4240766073871409
2194,328.0,2.50381679389313,0.5177825095177281,0.4246013667425968
2196,89.0,0.5705128205128205,0.517471933200228,0.42421483841602187
2198,323.0,2.4656488549618323,0.5171615431726283,0.42473851750795816
2200,-133.0,-0.8986486486486487,0.5168513393231865,0.42480690595184006
2202,162.0,1.0657894736842106,0.5165413215402296,0.424875170222424
2204,-209.0,-1.3571428571428572,0.5162314897121462,0.4249433106575964
2206,-5.0,-0.03424657534246575,0.5159218437274037,0.4245582238332578
2208,180.0,1.2587412587412588,0.5156123834745272,0.42462652784065186
2210,245.0,1.5909090909090908,0.51530310884211,0.4251469923111714
2212,188.0,1.175,0.5149940197188141,0.4256665160415725
2214,313.0,2.143835616438356,0.5146851159933683,0.4257336343115124
2216,98.0,0.6950354609929078,0.5143763975545651,0.42534957149300856
2218,379.0,2.578231292517007,0.5140678642912682,0.42541685443893645
2220,641.0,3.981366459627329,0.513759516092405,0.4259342638451148
2222,435.0,3.3206106870229006,0.5134513528469656,0.42645074224021595
2224,-100.0,-0.7194244604316546,0.5131433744440189,0.42651685393258426
2226,277.0,1.8466666666666667,0.5128355807726875,0.42703188145487203
2228,-118.0,-0.8137931034482758,0.5125279717221659,0.4266487213997308
2230,34.0,0.25,0.5122205471817187,0.42671447781264005
2232,32.0,0.21333333333333335,0.5119133070406704,0.42678011643528885
2234,422.0,2.758169934640523,0.5116062511884113,0.4272930648769575
2236,236.0,1.5526315789473684,0.5112993795144074,0.42780509611086276
2238,-5.0,-0.03289473684210526,0.5109926919081811,0.42742295667708796
2240,384.0,2.445859872611465,0.5106861882593275,0.42793395805443996
2242,73.0,0.5069444444444444,0.5103798684575005,0.427552385198395
2244,103.0,0.6280487804878049,0.5100737323924288,0.42761692650334077
2246,484.0,3.1842105263157894,0.5097677799539043,0.4281263907432132
2248,0.0,0.0,0.5094620110317815,0.42819030680302356
2250,-170.0,-1.118421052631579,0.5091564255159836,0.4278098622834296
2252,330.0,2.0754716981132075,0.508851023296502,0.428317798490901
2254,-12.0,-0.08450704225352113,0.5085458042633918,0.42838137472283816
2256,194.0,1.3566433566433567,0.508240768306772,0.4288879042977404
2258,237.0,1.6232876712328768,0.5079359153168305,0.4293935369632581
2260,20.0,0.1360544217687075,0.507631245183821,0.4294559929234852
2262,190.0,1.3571428571428572,0.5073267577980606,0.4295183384887318
2264,209.0,1.4513888888888888,0.5070224530499355,0.43002207505518764
2266,391.0,2.8333333333333335,0.5067183308298963,0.4305249228054698
2268,238.0,1.4082840236686391,0.5064143910284568,0.43102688408990747
2270,362.0,2.4625850340136055,0.5061106335361971,0.43108762659621314
2272,129.0,0.8835616438356164,0.5058070582437736,0.4315882094148702
2274,147.0,1.0,0.505503665041887,0.4320879120879121
2276,-188.0,-1.2876712328767124,0.5052004538213253,0.4321475625823452
2278,123.0,0.9389312977099237,0.5048974244729291,0.4322071083808688
2280,385.0,2.4213836477987423,0.5045945768876067,0.4327049539675581
2282,57.0,0.41304347826086957,0.5042919109563322,0.43276390713972845
2284,24.0,0.17266187050359713,0.5039894265701494,0.4323851203501094
2286,511.0,3.3181818181818183,0.5036871236201619,0.4328815041539134
2288,124.0,0.992,0.5033850019975379,0.4333770205329838
2290,46.0,0.2804878048780488,0.5030830615935197,0.4334351811436054
2292,330.0,2.481203007518797,0.5027813022994045,0.4334932402965547
2294,126.0,0.9618320610687023,0.5024797240065619,0.4335511982570806
2296,377.0,2.513333333333333,0.5021783266064179,0.43360905528950805
2298,386.0,2.522875816993464,0.5018771099904751,0.43410178338408
2300,199.0,1.1569767441860466,0.5015760740502953,0.43459365493263796
2302,70.0,0.40229885057471265,0.5012752186775021,0.4342162396873643
2304,479.0,3.4963503649635035,0.5009745437637894,0.43470715835141
2306,376.0,2.629370629370629,0.5006740492009161,0.435197225834417
2308,591.0,4.075862068965518,0.5003737348807011,0.4356864443482027
2310,13.0,0.09774436090225563,0.5000736006950318,0.4353093898745132
2312,23.0,0.1619718309859155,0.4997736465358619,0.4353653264159101
2314,149.0,0.9867549668874173,0.49947387229520396,0.4354211663066955
2316,422.0,3.0579710144927534,0.49917427786514473,0.43590850237375917
2318,33.0,0.2462686567164179,0.4988748631378272,0.43553255713669686
2320,578.0,4.515625,0.4985756280054612,0.43601895734597157
2322,260.0,1.7218543046357615,0.4982765723603237,0.4365045200172191
2324,233.0,1.8203125,0.49797769609475084,0.436989247311828
2326,178.0,1.2805755395683454,0.4976789991011542,0.4374731413837559
2328,54.0,0.4,0.49738048127199697,0.43709746672391586
2330,132.0,0.868421052631579,0.497082142499816,0.43715143715143717
2332,55.0,0.4230769230769231,0.4967839826772079,0.4367766823831976
2334,85.0,0.5985915492957746,0.49648600169683604,0.43640256959314777
2336,149.0,1.0419580419580419,0.49618819945142445,0.4368848951647411
2338,511.0,3.65,0.4958905758337689,0.43736639589568194
2340,-48.0,-0.3404255319148936,0.49559313073672095,0.4374199060230671
2342,191.0,1.3741007194244603,0.49529586405320297,0.4379001280409731
2344,301.0,2.15,0.4949987756761943,0.43795309168443497
2346,578.0,4.313432835820896,0.494701865498749,0.4384320409032808
2348,7.0,0.04666666666666667,0.4944051334139773,0.4384844614729672
2350,7.0,0.04827586206896552,0.49410857931505475,0.43811144193960017
2352,-111.0,-0.7985611510791367,0.4938122030952238,0.43816404589885255
2354,341.0,2.889830508474576,0.4935160046477875,0.43821656050955415
2356,168.0,1.2727272727272727,0.49321998386611243,0.4382689859991515
2358,230.0,1.6083916083916083,0.49292414064363715,0.4387452310300975
2360,317.0,2.515873015873016,0.49262847487385203,0.43879711986446424
2362,317.0,2.3308823529411766,0.49233298645032,0.43884892086330934
2364,107.0,0.7535211267605634,0.4920376752666633,0.43890063424947146
2366,30.0,0.22727272727272727,0.4917425412165724,0.4389522602450359
2368,173.0,1.3951612903225807,0.4914475841937982,0.4394259181089067
2370,174.0,1.3488372093023255,0.49115280409215384,0.43989877688738926
2372,36.0,0.27906976744186046,0.4908582008055245,0.43952802359882004
2374,-98.0,-0.7424242424242424,0.49056377422784575,0.43957894736842107
2376,169.0,1.198581560283688,0.49026952425312986,0.4400504838031132
2378,-91.0,-0.6946564885496184,0.48997545077544485,0.4401008827238335
2380,-151.0,-1.0942028985507246,0.4896815536889198,0.4401511969760605
2382,209.0,1.536764705882353,0.4893878328877581,0.44020142677297525
2384,339.0,2.6076923076923078,0.4890942882662177,0.44025157232704404
2386,123.0,0.9919354838709677,0.48880091971862605,0.4407205697528278
2388,197.0,1.3971631205673758,0.48850772713936397,0.4407701967350356
2390,76.0,0.5066666666666667,0.4882147104228856,0.44081974069427016
2392,480.0,3.6923076923076925,0.4879218694637046,0.4412870873380694
2394,165.0,1.1458333333333333,0.4876292041563979,0.44175365344467643
2396,-67.0,-0.48905109489051096,0.48733671439560855,0.44180225281602004
2398,-179.0,-1.325925925925926,0.48704440007603667,0.44185077115464777
2400,61.0,0.4295774647887324,0.4867522610924483,0.4414827155351937
2402,167.0,1.1133333333333333,0.48646029733967716,0.4419475655430712
2404,85.0,0.625,0.4861685087126165,0.441995841995842
2406,337.0,2.308219178082192,0.48587689510621757,0.4424594931449938
2408,579.0,4.020833333333333,0.4855854564155064,0.4429223744292237
2410,538.0,3.470967741935484,0.48529419253555767,0.4433844877644131
2412,111.0,0.8043478260869565,0.4850031033615213,0.4438458350600912
2414,282.0,2.169230769230769,0.4847121887886047,0.4443064182194617
2416,56.0,0.36363636363636365,0.4844214487120756,0.44435250310302027
2418,204.0,1.2993630573248407,0.4841308830272717,0.44481190574617613
2420,209.0,1.4513888888888888,0.48384049162958637,0.4448574969021066
2422,436.0,3.4603174603174605,0.48355027441447807,0.444903012794057
2424,303.0,2.061224489795918,0.4832602312774713,0.44536082474226807
2426,-4.0,-0.02857142857142857,0.4829703621141515,0.44499381953028433
2428,385.0,2.8308823529411766,0.48268066682016364,0.445450802799506
2430,578.0,4.412213740458015,0.48239114529121563,0.44590703414232824
2432,476.0,3.238095238095238,0.48210179742308246,0.44636251541307026
2434,244.0,1.6266666666666667,0.4818126231115944,0.4468172484599589
2436,470.0,3.2867132867132867,0.4815236222526572,0.4472712351251539
2438,456.0,3.480916030534351,0.4812347947422215,0.44772447724477243
2440,466.0,3.213793103448276,0.4809461404763181,0.44817697664891437
2442,527.0,4.022900763358779,0.4806576593510239,0.44862873516168644
2444,516.0,3.5586206896551724,0.4803693512624883,0.449079754601227
2446,128.0,0.9014084507042254,0.48008121610692284,0.4495300367797303
2448,252.0,1.6363636363636365,0.4797932537805941,0.4499795835034708
2450,424.0,3.140740740740741,0.4795054641798387,0.4504283965728274
2452,246.0,1.7083333333333333,0.4792178472010548,0.4508764777823074
2454,397.0,2.8156028368794326,0.47893040274069465,0.45132382892057027
2456,331.0,2.4160583941605838,0.4786431306952818,0.4517704517704518
2458,256.0,1.6305732484076434,0.478356030961398,0.4522163481089874
2460,516.0,4.161290322580645,0.47806910343568637,0.452661519707436
2462,268.0,2.144,0.4777823480148551,0.4531059683313033
2464,571.0,3.707792207792208,0.4774957645956682,0.45354969574036513
2466,401.0,3.208,0.47720935307496,0.4539927036886907
2468,471.0,3.488888888888889,0.4769231133496202,0.45443499392466585
2470,701.0,5.351145038167939,0.47663704531660084,0.4548765681910158
2472,322.0,2.3333333333333335,0.47635114887292207,0.45491306105944196
2474,544.0,3.651006711409396,0.47606542391565665,0.45494949494949494
2476,385.0,2.619047619047619,0.4757798703419461,0.4553895841744045
2478,599.0,4.21830985915493,0.4754944880489893,0.45582896329164985
2480,778.0,5.402777777777778,0.475209276934052,0.4562676340185409
2482,60.0,0.4918032786885246,0.4749242368944537,0.4563028594442207
2484,130.0,1.0077519379844961,0.4746393678275847,0.4567404426559356
2486,480.0,3.4532374100719423,0.47435466963088574,0.4571773220747889
2488,376.0,2.611111111111111,0.4740701422018737,0.45761349939734836
2490,630.0,5.206611570247934,0.4737857854381109,0.458048976314733
2492,377.0,2.877862595419847,0.47350159923723645,0.4584837545126354
2494,797.0,5.692857142857143,0.473217583496934,0.4589178356713427
2496,521.0,3.33974358974359,0.47293373811496664,0.4593512214657589
2498,574.0,4.519685039370079,0.4726500629891461,0.4597839135654262
2499,381.0,2.5231788079470197,0.4725082892403744,0.46
